{"D:\\kechengsheji\\homeschool\\AppScope\\app.json5":{"hashValue":"393ac9738dd00219ffd2383ff3549d23","name":"app.json5","path":"D:\\kechengsheji\\homeschool\\AppScope\\app.json5","type":"file","isSymbolicLink":false,"fileMetaData":{"size":219,"lastModifiedTime":1709203059176}},"D:\\kechengsheji\\homeschool\\entry\\src\\main\\module.json5":{"hashValue":"10d34b2771830b5cc1b6a6245d946251","name":"module.json5","path":"D:\\kechengsheji\\homeschool\\entry\\src\\main\\module.json5","type":"file","isSymbolicLink":false,"fileMetaData":{"size":931,"lastModifiedTime":1709203059172}},"D:\\kechengsheji\\homeschool\\entry\\.preview\\default\\intermediates\\merge_profile\\default\\module.json":{"hashValue":"76baead2c7ab72ca8576ef9c6612beb2","name":"module.json","path":"D:\\kechengsheji\\homeschool\\entry\\.preview\\default\\intermediates\\merge_profile\\default\\module.json","type":"file","isSymbolicLink":false,"fileMetaData":{"size":1060,"lastModifiedTime":1709203149432}},"D:\\kechengsheji\\homeschool\\entry\\.preview\\default\\intermediates\\loader\\default\\loader.json":{"hashValue":"07f68448d23640544d7000b9ca745349","name":"loader.json","path":"D:\\kechengsheji\\homeschool\\entry\\.preview\\default\\intermediates\\loader\\default\\loader.json","type":"file","isSymbolicLink":false,"fileMetaData":{"size":333,"lastModifiedTime":1709201503056}},"D:\\kechengsheji\\homeschool\\entry\\.preview\\default\\intermediates\\process_profile\\default\\module.json":{"hashValue":"5c54a11de3a864a01252264f1050cb6c","name":"module.json","path":"D:\\kechengsheji\\homeschool\\entry\\.preview\\default\\intermediates\\process_profile\\default\\module.json","type":"file","isSymbolicLink":false,"fileMetaData":{"size":1145,"lastModifiedTime":1709203149484}},"D:\\kechengsheji\\homeschool\\entry\\src\\main\\resources":{"hashValue":"3a9b355b35232ef39aca10228b06f268","name":"resources","path":"D:\\kechengsheji\\homeschool\\entry\\src\\main\\resources","type":"directory","isSymbolicLink":false,"children":[{"hashValue":"78c269f7398fa47a908af12ee27b1594","name":"base","path":"D:\\kechengsheji\\homeschool\\entry\\src\\main\\resources\\base","type":"directory","isSymbolicLink":false,"children":[{"hashValue":"bafb642dac7f0df597f576f2a1477144","name":"element","path":"D:\\kechengsheji\\homeschool\\entry\\src\\main\\resources\\base\\element","type":"directory","isSymbolicLink":false,"children":[{"hashValue":"01635d0aa835924a5447aee3bea8173f","name":"color.json","path":"D:\\kechengsheji\\homeschool\\entry\\src\\main\\resources\\base\\element\\color.json","type":"file","isSymbolicLink":false,"fileMetaData":{"size":105,"lastModifiedTime":1709201487978}},{"hashValue":"a859f2cdbd7ac37d3d6b72fefd31d84c","name":"string.json","path":"D:\\kechengsheji\\homeschool\\entry\\src\\main\\resources\\base\\element\\string.json","type":"file","isSymbolicLink":false,"fileMetaData":{"size":237,"lastModifiedTime":1709203085953}}]},{"hashValue":"6036f6dda40d4c96794b4ab184f462cf","name":"media","path":"D:\\kechengsheji\\homeschool\\entry\\src\\main\\resources\\base\\media","type":"directory","isSymbolicLink":false,"children":[{"hashValue":"58183c0c02a91c33bf9318d5015326ea","name":"icon.png","path":"D:\\kechengsheji\\homeschool\\entry\\src\\main\\resources\\base\\media\\icon.png","type":"file","isSymbolicLink":false,"fileMetaData":{"size":6790,"lastModifiedTime":1709201487986}},{"hashValue":"56a8b967e0ddef485ef4a1a8da5510f0","name":"passwordicon.png","path":"D:\\kechengsheji\\homeschool\\entry\\src\\main\\resources\\base\\media\\passwordicon.png","type":"file","isSymbolicLink":false,"fileMetaData":{"size":1786,"lastModifiedTime":1709206076185}},{"hashValue":"3343c4f01a7aa42dc41d751780ee3cd8","name":"usericon.png","path":"D:\\kechengsheji\\homeschool\\entry\\src\\main\\resources\\base\\media\\usericon.png","type":"file","isSymbolicLink":false,"fileMetaData":{"size":1654,"lastModifiedTime":1709206048805}}]},{"hashValue":"5707cfb7300daed25969b3492a0a8f84","name":"profile","path":"D:\\kechengsheji\\homeschool\\entry\\src\\main\\resources\\base\\profile","type":"directory","isSymbolicLink":false,"children":[{"hashValue":"f936a3be8b77c0bf0ed51e6b94b5e6cc","name":"main_pages.json","path":"D:\\kechengsheji\\homeschool\\entry\\src\\main\\resources\\base\\profile\\main_pages.json","type":"file","isSymbolicLink":false,"fileMetaData":{"size":66,"lastModifiedTime":1709366978059}}]}]},{"hashValue":"319ddd86b7d82c205b26277b8b3e67b8","name":"en_US","path":"D:\\kechengsheji\\homeschool\\entry\\src\\main\\resources\\en_US","type":"directory","isSymbolicLink":false,"children":[{"hashValue":"d8e4cbd8d853c2a9bebee6f24dd72420","name":"element","path":"D:\\kechengsheji\\homeschool\\entry\\src\\main\\resources\\en_US\\element","type":"directory","isSymbolicLink":false,"children":[{"hashValue":"3ff50fe14f06afa9686f0f8398f97376","name":"string.json","path":"D:\\kechengsheji\\homeschool\\entry\\src\\main\\resources\\en_US\\element\\string.json","type":"file","isSymbolicLink":false,"fileMetaData":{"size":237,"lastModifiedTime":1709203085942}}]}]},{"hashValue":"","name":"rawfile","path":"D:\\kechengsheji\\homeschool\\entry\\src\\main\\resources\\rawfile","type":"directory","isSymbolicLink":false,"children":[]},{"hashValue":"7f6186153718d826f9759f1eba3ea080","name":"zh_CN","path":"D:\\kechengsheji\\homeschool\\entry\\src\\main\\resources\\zh_CN","type":"directory","isSymbolicLink":false,"children":[{"hashValue":"84258248011b2d0c8c222a287568c07b","name":"element","path":"D:\\kechengsheji\\homeschool\\entry\\src\\main\\resources\\zh_CN\\element","type":"directory","isSymbolicLink":false,"children":[{"hashValue":"17361211898561f0f246e23b9a85b5b7","name":"string.json","path":"D:\\kechengsheji\\homeschool\\entry\\src\\main\\resources\\zh_CN\\element\\string.json","type":"file","isSymbolicLink":false,"fileMetaData":{"size":231,"lastModifiedTime":1709203085963}}]}]}]},"D:\\kechengsheji\\homeschool\\AppScope\\resources":{"hashValue":"82f9c46e665af8ab4b4702fe2203085e","name":"resources","path":"D:\\kechengsheji\\homeschool\\AppScope\\resources","type":"directory","isSymbolicLink":false,"children":[{"hashValue":"6d44fe88926f6eb40643e775300ef56b","name":"base","path":"D:\\kechengsheji\\homeschool\\AppScope\\resources\\base","type":"directory","isSymbolicLink":false,"children":[{"hashValue":"03edd3e1d8e2e50bbe9ad8a56d3bb0d3","name":"element","path":"D:\\kechengsheji\\homeschool\\AppScope\\resources\\base\\element","type":"directory","isSymbolicLink":false,"children":[{"hashValue":"bd88eeca815ab95c21e7ba9b21ef6e6f","name":"string.json","path":"D:\\kechengsheji\\homeschool\\AppScope\\resources\\base\\element\\string.json","type":"file","isSymbolicLink":false,"fileMetaData":{"size":96,"lastModifiedTime":1709201487671}}]},{"hashValue":"54b4770225a6ec5873a09dd2864a8fd9","name":"media","path":"D:\\kechengsheji\\homeschool\\AppScope\\resources\\base\\media","type":"directory","isSymbolicLink":false,"children":[{"hashValue":"cca6bd673b60662932d9c805342f372c","name":"app_icon.png","path":"D:\\kechengsheji\\homeschool\\AppScope\\resources\\base\\media\\app_icon.png","type":"file","isSymbolicLink":false,"fileMetaData":{"size":6790,"lastModifiedTime":1709201487665}}]}]}]},"D:\\kechengsheji\\homeschool\\entry\\.preview\\default\\intermediates\\res\\default":{"hashValue":"6313a6cb907fdc3bad48a340490de63f","name":"default","path":"D:\\kechengsheji\\homeschool\\entry\\.preview\\default\\intermediates\\res\\default","type":"directory","isSymbolicLink":false,"children":[{"hashValue":"0a2d357b126f922ded769aa29a996287","name":"app_compiled","path":"D:\\kechengsheji\\homeschool\\entry\\.preview\\default\\intermediates\\res\\default\\app_compiled","type":"directory","isSymbolicLink":false,"children":[{"hashValue":"c7d8b49c0f51c17b8b40da221edc8735","name":"3342670480158023922","path":"D:\\kechengsheji\\homeschool\\entry\\.preview\\default\\intermediates\\res\\default\\app_compiled\\3342670480158023922","type":"file","isSymbolicLink":false,"fileMetaData":{"size":178,"lastModifiedTime":1709368008245}},{"hashValue":"be300c0ee77d7a7d20da47ae763af128","name":"8429408976680596951","path":"D:\\kechengsheji\\homeschool\\entry\\.preview\\default\\intermediates\\res\\default\\app_compiled\\8429408976680596951","type":"file","isSymbolicLink":false,"fileMetaData":{"size":116,"lastModifiedTime":1709368008245}}]},{"hashValue":"670cd42ad07847b744e977604c58908d","name":"module_compiled","path":"D:\\kechengsheji\\homeschool\\entry\\.preview\\default\\intermediates\\res\\default\\module_compiled","type":"directory","isSymbolicLink":false,"children":[{"hashValue":"688a5b05f227001c08b2e6e375cc3e1a","name":"16877944708975411390","path":"D:\\kechengsheji\\homeschool\\entry\\.preview\\default\\intermediates\\res\\default\\module_compiled\\16877944708975411390","type":"file","isSymbolicLink":false,"fileMetaData":{"size":446,"lastModifiedTime":1709368008264}},{"hashValue":"62f9642c417b1044cfd722a54215303e","name":"17735010662862795651","path":"D:\\kechengsheji\\homeschool\\entry\\.preview\\default\\intermediates\\res\\default\\module_compiled\\17735010662862795651","type":"file","isSymbolicLink":false,"fileMetaData":{"size":202,"lastModifiedTime":1709368008259}},{"hashValue":"ce08e10b43a608a8112a0846af92ad77","name":"2159556967845526287","path":"D:\\kechengsheji\\homeschool\\entry\\.preview\\default\\intermediates\\res\\default\\module_compiled\\2159556967845526287","type":"file","isSymbolicLink":false,"fileMetaData":{"size":190,"lastModifiedTime":1709368008259}},{"hashValue":"02d32055816d18758899ddbce4eba656","name":"5099070589091703355","path":"D:\\kechengsheji\\homeschool\\entry\\.preview\\default\\intermediates\\res\\default\\module_compiled\\5099070589091703355","type":"file","isSymbolicLink":false,"fileMetaData":{"size":392,"lastModifiedTime":1709368008259}},{"hashValue":"a2fcdc9c4d2a24bce4153b44e8de8ac3","name":"6879174665437330696","path":"D:\\kechengsheji\\homeschool\\entry\\.preview\\default\\intermediates\\res\\default\\module_compiled\\6879174665437330696","type":"file","isSymbolicLink":false,"fileMetaData":{"size":203,"lastModifiedTime":1709368008264}},{"hashValue":"b6d1c5d48d7e82d1ebfa88180cc89553","name":"7748220612204556304","path":"D:\\kechengsheji\\homeschool\\entry\\.preview\\default\\intermediates\\res\\default\\module_compiled\\7748220612204556304","type":"file","isSymbolicLink":false,"fileMetaData":{"size":178,"lastModifiedTime":1709368008259}},{"hashValue":"b7006d7c115534e63c532b011e8c6526","name":"822781635616955100","path":"D:\\kechengsheji\\homeschool\\entry\\.preview\\default\\intermediates\\res\\default\\module_compiled\\822781635616955100","type":"file","isSymbolicLink":false,"fileMetaData":{"size":440,"lastModifiedTime":1709368008264}},{"hashValue":"daa615dea396b7aa44bdbcb0d590c726","name":"9457596923441137538","path":"D:\\kechengsheji\\homeschool\\entry\\.preview\\default\\intermediates\\res\\default\\module_compiled\\9457596923441137538","type":"file","isSymbolicLink":false,"fileMetaData":{"size":133,"lastModifiedTime":1709368008259}}]},{"hashValue":"c8bb15a82b5c1bb3eb61a8303e497ea7","name":"module.json","path":"D:\\kechengsheji\\homeschool\\entry\\.preview\\default\\intermediates\\res\\default\\module.json","type":"file","isSymbolicLink":false,"fileMetaData":{"size":2046,"lastModifiedTime":1709368008296}},{"hashValue":"c746d7ce19b31dfd75b6c1a9205cc69f","name":"resources","path":"D:\\kechengsheji\\homeschool\\entry\\.preview\\default\\intermediates\\res\\default\\resources","type":"directory","isSymbolicLink":false,"children":[{"hashValue":"327c03c145274882893036d1b1b5ced1","name":"base","path":"D:\\kechengsheji\\homeschool\\entry\\.preview\\default\\intermediates\\res\\default\\resources\\base","type":"directory","isSymbolicLink":false,"children":[{"hashValue":"760c69b478b592b9d684d87326834fbd","name":"profile","path":"D:\\kechengsheji\\homeschool\\entry\\.preview\\default\\intermediates\\res\\default\\resources\\base\\profile","type":"directory","isSymbolicLink":false,"children":[{"hashValue":"8385e071079c6cacef7b637c3610984f","name":"main_pages.json","path":"D:\\kechengsheji\\homeschool\\entry\\.preview\\default\\intermediates\\res\\default\\resources\\base\\profile\\main_pages.json","type":"file","isSymbolicLink":false,"fileMetaData":{"size":43,"lastModifiedTime":1709368010776}}]}]}]},{"hashValue":"436f05c2340bb42196635695f76b04ed","name":"resources.index","path":"D:\\kechengsheji\\homeschool\\entry\\.preview\\default\\intermediates\\res\\default\\resources.index","type":"file","isSymbolicLink":false,"fileMetaData":{"size":1342,"lastModifiedTime":1709368008295}},{"hashValue":"697a363d400cb215437caffc6bf76770","name":"ResourceTable.txt","path":"D:\\kechengsheji\\homeschool\\entry\\.preview\\default\\intermediates\\res\\default\\ResourceTable.txt","type":"file","isSymbolicLink":false,"fileMetaData":{"size":304,"lastModifiedTime":1709368008296}}]},"D:\\kechengsheji\\homeschool\\entry\\.preview\\default\\generated\\r\\default\\ResourceTable.h":{"hashValue":"74234bf5d5d34a23de955993b0aad818","name":"ResourceTable.h","path":"D:\\kechengsheji\\homeschool\\entry\\.preview\\default\\generated\\r\\default\\ResourceTable.h","type":"file","isSymbolicLink":false,"fileMetaData":{"size":1180,"lastModifiedTime":1709368008296}},"D:\\kechengsheji\\homeschool\\entry\\.preview\\default\\generated\\r\\default":{"hashValue":"8dbd1c020586a9fbacc55fdb06ed49d7","name":"default","path":"D:\\kechengsheji\\homeschool\\entry\\.preview\\default\\generated\\r\\default","type":"directory","isSymbolicLink":false,"children":[{"hashValue":"74234bf5d5d34a23de955993b0aad818","name":"ResourceTable.h","path":"D:\\kechengsheji\\homeschool\\entry\\.preview\\default\\generated\\r\\default\\ResourceTable.h","type":"file","isSymbolicLink":false,"fileMetaData":{"size":1180,"lastModifiedTime":1709368008296}}]},"D:\\kechengsheji\\homeschool\\entry\\.preview\\config\\buildConfig.json":{"hashValue":"31d7d3e77f9e61b8a9547b81b42ba808","name":"buildConfig.json","path":"D:\\kechengsheji\\homeschool\\entry\\.preview\\config\\buildConfig.json","type":"file","isSymbolicLink":false,"fileMetaData":{"size":1670,"lastModifiedTime":1709368007987}},"D:\\kechengsheji\\homeschool\\entry\\.preview\\default\\intermediates\\res\\default\\module.json":{"hashValue":"c8bb15a82b5c1bb3eb61a8303e497ea7","name":"module.json","path":"D:\\kechengsheji\\homeschool\\entry\\.preview\\default\\intermediates\\res\\default\\module.json","type":"file","isSymbolicLink":false,"fileMetaData":{"size":2046,"lastModifiedTime":1709368008296}},"D:\\kechengsheji\\homeschool\\entry\\.preview\\default\\intermediates\\res\\default\\resources\\base\\profile\\main_pages.json":{"hashValue":"8385e071079c6cacef7b637c3610984f","name":"main_pages.json","path":"D:\\kechengsheji\\homeschool\\entry\\.preview\\default\\intermediates\\res\\default\\resources\\base\\profile\\main_pages.json","type":"file","isSymbolicLink":false,"fileMetaData":{"size":43,"lastModifiedTime":1709368010776}},"D:\\kechengsheji\\homeschool\\entry\\.preview\\default\\intermediates\\loader\\default":{"hashValue":"dee82f161e642515bde95e781f1e9f30","name":"default","path":"D:\\kechengsheji\\homeschool\\entry\\.preview\\default\\intermediates\\loader\\default","type":"directory","isSymbolicLink":false,"children":[{"hashValue":"07f68448d23640544d7000b9ca745349","name":"loader.json","path":"D:\\kechengsheji\\homeschool\\entry\\.preview\\default\\intermediates\\loader\\default\\loader.json","type":"file","isSymbolicLink":false,"fileMetaData":{"size":333,"lastModifiedTime":1709201503056}}]},"D:\\kechengsheji\\homeschool\\entry\\.preview\\default\\intermediates\\res\\default\\ResourceTable.txt":{"hashValue":"697a363d400cb215437caffc6bf76770","name":"ResourceTable.txt","path":"D:\\kechengsheji\\homeschool\\entry\\.preview\\default\\intermediates\\res\\default\\ResourceTable.txt","type":"file","isSymbolicLink":false,"fileMetaData":{"size":304,"lastModifiedTime":1709368008296}},"D:\\kechengsheji\\homeschool\\entry\\.preview\\default\\intermediates\\res\\default\\resources\\base\\profile":{"hashValue":"760c69b478b592b9d684d87326834fbd","name":"profile","path":"D:\\kechengsheji\\homeschool\\entry\\.preview\\default\\intermediates\\res\\default\\resources\\base\\profile","type":"directory","isSymbolicLink":false,"children":[{"hashValue":"8385e071079c6cacef7b637c3610984f","name":"main_pages.json","path":"D:\\kechengsheji\\homeschool\\entry\\.preview\\default\\intermediates\\res\\default\\resources\\base\\profile\\main_pages.json","type":"file","isSymbolicLink":false,"fileMetaData":{"size":43,"lastModifiedTime":1709368010776}}]},"D:\\kechengsheji\\homeschool\\entry\\src\\main\\ets":{"hashValue":"edb79a528fd358a7a826905a8a888341","name":"ets","path":"D:\\kechengsheji\\homeschool\\entry\\src\\main\\ets","type":"directory","isSymbolicLink":false,"children":[{"hashValue":"9cc63cc399c6cc4cbc043aa49fa57f00","name":"entryability","path":"D:\\kechengsheji\\homeschool\\entry\\src\\main\\ets\\entryability","type":"directory","isSymbolicLink":false,"children":[{"hashValue":"774c7227fdd92cbeec8339890ed42abc","name":"EntryAbility.ts","path":"D:\\kechengsheji\\homeschool\\entry\\src\\main\\ets\\entryability\\EntryAbility.ts","type":"file","isSymbolicLink":false,"fileMetaData":{"size":1431,"lastModifiedTime":1709203085936}}]},{"hashValue":"eb42fcf5436992afa2d458fcb8f3db32","name":"pages","path":"D:\\kechengsheji\\homeschool\\entry\\src\\main\\ets\\pages","type":"directory","isSymbolicLink":false,"children":[{"hashValue":"422f2ea0ffedc988c93119f90ebed2cf","name":"Index.ets","path":"D:\\kechengsheji\\homeschool\\entry\\src\\main\\ets\\pages\\Index.ets","type":"file","isSymbolicLink":false,"fileMetaData":{"size":3499,"lastModifiedTime":1709368007876}},{"hashValue":"aece9c728de3d44661289a3fcf5c50e8","name":"S.ets","path":"D:\\kechengsheji\\homeschool\\entry\\src\\main\\ets\\pages\\S.ets","type":"file","isSymbolicLink":false,"fileMetaData":{"size":533,"lastModifiedTime":1709367961500}},{"hashValue":"36ba7e82e616286391472c0987411e58","name":"T.ets","path":"D:\\kechengsheji\\homeschool\\entry\\src\\main\\ets\\pages\\T.ets","type":"file","isSymbolicLink":false,"fileMetaData":{"size":531,"lastModifiedTime":1709367971178}}]}]},"C:\\Users\\34370\\Desktop\\homeschool\\homeschool\\AppScope\\app.json5":{"hashValue":"7e80d394d0118e5d1bf732265a73e6f7","name":"app.json5","path":"C:\\Users\\34370\\Desktop\\homeschool\\homeschool\\AppScope\\app.json5","type":"file","isSymbolicLink":false,"fileMetaData":{"size":219,"lastModifiedTime":1709203060000}},"C:\\Users\\34370\\Desktop\\homeschool\\homeschool\\entry\\src\\main\\module.json5":{"hashValue":"d377350d7d23dac595fb79c5da13bb7a","name":"module.json5","path":"C:\\Users\\34370\\Desktop\\homeschool\\homeschool\\entry\\src\\main\\module.json5","type":"file","isSymbolicLink":false,"fileMetaData":{"size":931,"lastModifiedTime":1709203060000}},"C:\\Users\\34370\\Desktop\\homeschool\\homeschool\\entry\\.preview\\default\\intermediates\\merge_profile\\default\\module.json":{"hashValue":"334e8fb3dc752b6370c9ff3cb276a0fc","name":"module.json","path":"C:\\Users\\34370\\Desktop\\homeschool\\homeschool\\entry\\.preview\\default\\intermediates\\merge_profile\\default\\module.json","type":"file","isSymbolicLink":false,"fileMetaData":{"size":1060,"lastModifiedTime":1709368222219}},"C:\\Users\\34370\\Desktop\\homeschool\\homeschool\\entry\\.preview\\default\\intermediates\\loader\\default\\loader.json":{"hashValue":"416949cc90447be0ae05b6dfa863a8d1","name":"loader.json","path":"C:\\Users\\34370\\Desktop\\homeschool\\homeschool\\entry\\.preview\\default\\intermediates\\loader\\default\\loader.json","type":"file","isSymbolicLink":false,"fileMetaData":{"size":396,"lastModifiedTime":1709368222227}},"C:\\Users\\34370\\Desktop\\homeschool\\homeschool\\entry\\.preview\\default\\intermediates\\process_profile\\default\\module.json":{"hashValue":"e21d3f7b9161d3674af167bf2107e1e0","name":"module.json","path":"C:\\Users\\34370\\Desktop\\homeschool\\homeschool\\entry\\.preview\\default\\intermediates\\process_profile\\default\\module.json","type":"file","isSymbolicLink":false,"fileMetaData":{"size":1145,"lastModifiedTime":1709368222336}},"C:\\Users\\34370\\Desktop\\homeschool\\homeschool\\entry\\src\\main\\resources":{"hashValue":"8ed51e8377da3486f69e39e9db378784","name":"resources","path":"C:\\Users\\34370\\Desktop\\homeschool\\homeschool\\entry\\src\\main\\resources","type":"directory","isSymbolicLink":false,"children":[{"hashValue":"c0a9b6aada7793fb9558ae1573a9f4e1","name":"base","path":"C:\\Users\\34370\\Desktop\\homeschool\\homeschool\\entry\\src\\main\\resources\\base","type":"directory","isSymbolicLink":false,"children":[{"hashValue":"89fab449c330a5b9f922246de13a32bc","name":"element","path":"C:\\Users\\34370\\Desktop\\homeschool\\homeschool\\entry\\src\\main\\resources\\base\\element","type":"directory","isSymbolicLink":false,"children":[{"hashValue":"840b816732246a0f37c6c91478cffca9","name":"color.json","path":"C:\\Users\\34370\\Desktop\\homeschool\\homeschool\\entry\\src\\main\\resources\\base\\element\\color.json","type":"file","isSymbolicLink":false,"fileMetaData":{"size":105,"lastModifiedTime":1709201488000}},{"hashValue":"64b960a6e0757e7a8911e1089fb1af07","name":"string.json","path":"C:\\Users\\34370\\Desktop\\homeschool\\homeschool\\entry\\src\\main\\resources\\base\\element\\string.json","type":"file","isSymbolicLink":false,"fileMetaData":{"size":237,"lastModifiedTime":1709203086000}}]},{"hashValue":"a21c41ab812a657045b1daf883f52b61","name":"media","path":"C:\\Users\\34370\\Desktop\\homeschool\\homeschool\\entry\\src\\main\\resources\\base\\media","type":"directory","isSymbolicLink":false,"children":[{"hashValue":"dced07f6f71a70f63dd54353bb2705e9","name":"icon.png","path":"C:\\Users\\34370\\Desktop\\homeschool\\homeschool\\entry\\src\\main\\resources\\base\\media\\icon.png","type":"file","isSymbolicLink":false,"fileMetaData":{"size":6790,"lastModifiedTime":1709201488000}},{"hashValue":"71cc044a4bd89729b9b4447ddf531d9b","name":"passwordicon.png","path":"C:\\Users\\34370\\Desktop\\homeschool\\homeschool\\entry\\src\\main\\resources\\base\\media\\passwordicon.png","type":"file","isSymbolicLink":false,"fileMetaData":{"size":1786,"lastModifiedTime":1709206078000}},{"hashValue":"a02f86f3424dcc115e7d5fa648c82972","name":"usericon.png","path":"C:\\Users\\34370\\Desktop\\homeschool\\homeschool\\entry\\src\\main\\resources\\base\\media\\usericon.png","type":"file","isSymbolicLink":false,"fileMetaData":{"size":1654,"lastModifiedTime":1709206050000}}]},{"hashValue":"638ab6ccb9282550af326774ad91505f","name":"profile","path":"C:\\Users\\34370\\Desktop\\homeschool\\homeschool\\entry\\src\\main\\resources\\base\\profile","type":"directory","isSymbolicLink":false,"children":[{"hashValue":"fe0f1fa4191feb985933ee862990bfbf","name":"main_pages.json","path":"C:\\Users\\34370\\Desktop\\homeschool\\homeschool\\entry\\src\\main\\resources\\base\\profile\\main_pages.json","type":"file","isSymbolicLink":false,"fileMetaData":{"size":109,"lastModifiedTime":1709465258330}}]}]},{"hashValue":"f9f9735bc114b450eb808ff40c8419c7","name":"en_US","path":"C:\\Users\\34370\\Desktop\\homeschool\\homeschool\\entry\\src\\main\\resources\\en_US","type":"directory","isSymbolicLink":false,"children":[{"hashValue":"99c31033d6b0e531e6109b87c29e90ec","name":"element","path":"C:\\Users\\34370\\Desktop\\homeschool\\homeschool\\entry\\src\\main\\resources\\en_US\\element","type":"directory","isSymbolicLink":false,"children":[{"hashValue":"64b960a6e0757e7a8911e1089fb1af07","name":"string.json","path":"C:\\Users\\34370\\Desktop\\homeschool\\homeschool\\entry\\src\\main\\resources\\en_US\\element\\string.json","type":"file","isSymbolicLink":false,"fileMetaData":{"size":237,"lastModifiedTime":1709203086000}}]}]},{"hashValue":"","name":"rawfile","path":"C:\\Users\\34370\\Desktop\\homeschool\\homeschool\\entry\\src\\main\\resources\\rawfile","type":"directory","isSymbolicLink":false,"children":[]},{"hashValue":"c24086f5d954e53b60df624a4b36252c","name":"zh_CN","path":"C:\\Users\\34370\\Desktop\\homeschool\\homeschool\\entry\\src\\main\\resources\\zh_CN","type":"directory","isSymbolicLink":false,"children":[{"hashValue":"105d84366b3933d450ab1f5392ab9e89","name":"element","path":"C:\\Users\\34370\\Desktop\\homeschool\\homeschool\\entry\\src\\main\\resources\\zh_CN\\element","type":"directory","isSymbolicLink":false,"children":[{"hashValue":"f857034d051a96ffe987e835af388846","name":"string.json","path":"C:\\Users\\34370\\Desktop\\homeschool\\homeschool\\entry\\src\\main\\resources\\zh_CN\\element\\string.json","type":"file","isSymbolicLink":false,"fileMetaData":{"size":231,"lastModifiedTime":1709203086000}}]}]}]},"C:\\Users\\34370\\Desktop\\homeschool\\homeschool\\AppScope\\resources":{"hashValue":"2bdc988f46aca6102e2636f2b4c35356","name":"resources","path":"C:\\Users\\34370\\Desktop\\homeschool\\homeschool\\AppScope\\resources","type":"directory","isSymbolicLink":false,"children":[{"hashValue":"35e42d06a45b1f62a673c235579e8673","name":"base","path":"C:\\Users\\34370\\Desktop\\homeschool\\homeschool\\AppScope\\resources\\base","type":"directory","isSymbolicLink":false,"children":[{"hashValue":"95ac5f02f6df361e0c98af4a7cf3ec94","name":"element","path":"C:\\Users\\34370\\Desktop\\homeschool\\homeschool\\AppScope\\resources\\base\\element","type":"directory","isSymbolicLink":false,"children":[{"hashValue":"67945bda68749c89b2037257373527ba","name":"string.json","path":"C:\\Users\\34370\\Desktop\\homeschool\\homeschool\\AppScope\\resources\\base\\element\\string.json","type":"file","isSymbolicLink":false,"fileMetaData":{"size":96,"lastModifiedTime":1709201488000}}]},{"hashValue":"fd65e81655a0904625cd87ad1e478232","name":"media","path":"C:\\Users\\34370\\Desktop\\homeschool\\homeschool\\AppScope\\resources\\base\\media","type":"directory","isSymbolicLink":false,"children":[{"hashValue":"f5a3c6f1893378df4bfdcb820c3675d9","name":"app_icon.png","path":"C:\\Users\\34370\\Desktop\\homeschool\\homeschool\\AppScope\\resources\\base\\media\\app_icon.png","type":"file","isSymbolicLink":false,"fileMetaData":{"size":6790,"lastModifiedTime":1709201488000}}]}]}]},"C:\\Users\\34370\\Desktop\\homeschool\\homeschool\\entry\\.preview\\default\\intermediates\\res\\default":{"hashValue":"c6ee7f44935593b27b78ba7b9f24615e","name":"default","path":"C:\\Users\\34370\\Desktop\\homeschool\\homeschool\\entry\\.preview\\default\\intermediates\\res\\default","type":"directory","isSymbolicLink":false,"children":[{"hashValue":"785c9194adaaf0681845c021d6d5dfbd","name":"app_compiled","path":"C:\\Users\\34370\\Desktop\\homeschool\\homeschool\\entry\\.preview\\default\\intermediates\\res\\default\\app_compiled","type":"directory","isSymbolicLink":false,"children":[{"hashValue":"59e01e99c8aff574352a414a23ff45d0","name":"1396251952113439355","path":"C:\\Users\\34370\\Desktop\\homeschool\\homeschool\\entry\\.preview\\default\\intermediates\\res\\default\\app_compiled\\1396251952113439355","type":"file","isSymbolicLink":false,"fileMetaData":{"size":134,"lastModifiedTime":1710213239171}},{"hashValue":"13b7bc9c833bae700194fcdb499bbe80","name":"18308044196545796953","path":"C:\\Users\\34370\\Desktop\\homeschool\\homeschool\\entry\\.preview\\default\\intermediates\\res\\default\\app_compiled\\18308044196545796953","type":"file","isSymbolicLink":false,"fileMetaData":{"size":214,"lastModifiedTime":1710213239172}}]},{"hashValue":"fa041cec38985c9e7e21c72a4a57254c","name":"module_compiled","path":"C:\\Users\\34370\\Desktop\\homeschool\\homeschool\\entry\\.preview\\default\\intermediates\\res\\default\\module_compiled","type":"directory","isSymbolicLink":false,"children":[{"hashValue":"aa094a09feb1c3eea01ccea776b26a44","name":"1004239637561315899","path":"C:\\Users\\34370\\Desktop\\homeschool\\homeschool\\entry\\.preview\\default\\intermediates\\res\\default\\module_compiled\\1004239637561315899","type":"file","isSymbolicLink":false,"fileMetaData":{"size":238,"lastModifiedTime":1710213239229}},{"hashValue":"dfa9616ee8e4dd58db40d41b086e07a0","name":"10070507329715397408","path":"C:\\Users\\34370\\Desktop\\homeschool\\homeschool\\entry\\.preview\\default\\intermediates\\res\\default\\module_compiled\\10070507329715397408","type":"file","isSymbolicLink":false,"fileMetaData":{"size":500,"lastModifiedTime":1710213239230}},{"hashValue":"4c68b66d295740711d88879bce87d1c7","name":"12516462205444611275","path":"C:\\Users\\34370\\Desktop\\homeschool\\homeschool\\entry\\.preview\\default\\intermediates\\res\\default\\module_compiled\\12516462205444611275","type":"file","isSymbolicLink":false,"fileMetaData":{"size":239,"lastModifiedTime":1710213239229}},{"hashValue":"29175c9ebd5b1a9693de4f9dd35e51e6","name":"16735525507647589027","path":"C:\\Users\\34370\\Desktop\\homeschool\\homeschool\\entry\\.preview\\default\\intermediates\\res\\default\\module_compiled\\16735525507647589027","type":"file","isSymbolicLink":false,"fileMetaData":{"size":214,"lastModifiedTime":1710213239229}},{"hashValue":"a74ab46d0004ed6024c5dc61abae238f","name":"2239405157227798521","path":"C:\\Users\\34370\\Desktop\\homeschool\\homeschool\\entry\\.preview\\default\\intermediates\\res\\default\\module_compiled\\2239405157227798521","type":"file","isSymbolicLink":false,"fileMetaData":{"size":151,"lastModifiedTime":1710213239228}},{"hashValue":"0478957c2520371df1801c184a0f6ae5","name":"7705920846941722492","path":"C:\\Users\\34370\\Desktop\\homeschool\\homeschool\\entry\\.preview\\default\\intermediates\\res\\default\\module_compiled\\7705920846941722492","type":"file","isSymbolicLink":false,"fileMetaData":{"size":494,"lastModifiedTime":1710213239231}},{"hashValue":"e658650c75a2638879493eebeba8f099","name":"9688158027695955980","path":"C:\\Users\\34370\\Desktop\\homeschool\\homeschool\\entry\\.preview\\default\\intermediates\\res\\default\\module_compiled\\9688158027695955980","type":"file","isSymbolicLink":false,"fileMetaData":{"size":446,"lastModifiedTime":1710213239228}},{"hashValue":"3e6374683d14cd32e2c9e04fcaa6feb8","name":"975764624846503976","path":"C:\\Users\\34370\\Desktop\\homeschool\\homeschool\\entry\\.preview\\default\\intermediates\\res\\default\\module_compiled\\975764624846503976","type":"file","isSymbolicLink":false,"fileMetaData":{"size":226,"lastModifiedTime":1710213239229}}]},{"hashValue":"f2c480ce275277406823b0c2e8dbffa3","name":"module.json","path":"C:\\Users\\34370\\Desktop\\homeschool\\homeschool\\entry\\.preview\\default\\intermediates\\res\\default\\module.json","type":"file","isSymbolicLink":false,"fileMetaData":{"size":2046,"lastModifiedTime":1710213239298}},{"hashValue":"c7ff181aeb41effe9672019b19e9d187","name":"resources","path":"C:\\Users\\34370\\Desktop\\homeschool\\homeschool\\entry\\.preview\\default\\intermediates\\res\\default\\resources","type":"directory","isSymbolicLink":false,"children":[{"hashValue":"87e5244f30315963377de33caadb4ca1","name":"base","path":"C:\\Users\\34370\\Desktop\\homeschool\\homeschool\\entry\\.preview\\default\\intermediates\\res\\default\\resources\\base","type":"directory","isSymbolicLink":false,"children":[{"hashValue":"8295309cb804d2682876e5a004494546","name":"profile","path":"C:\\Users\\34370\\Desktop\\homeschool\\homeschool\\entry\\.preview\\default\\intermediates\\res\\default\\resources\\base\\profile","type":"directory","isSymbolicLink":false,"children":[{"hashValue":"3672abf3508c144ca833a06f5627e007","name":"main_pages.json","path":"C:\\Users\\34370\\Desktop\\homeschool\\homeschool\\entry\\.preview\\default\\intermediates\\res\\default\\resources\\base\\profile\\main_pages.json","type":"file","isSymbolicLink":false,"fileMetaData":{"size":76,"lastModifiedTime":1710213242437}}]}]}]},{"hashValue":"8f570c8a955ab8e2d8a7bf6b12053bfa","name":"resources.index","path":"C:\\Users\\34370\\Desktop\\homeschool\\homeschool\\entry\\.preview\\default\\intermediates\\res\\default\\resources.index","type":"file","isSymbolicLink":false,"fileMetaData":{"size":1432,"lastModifiedTime":1710213239297}},{"hashValue":"2eed63620518f3eeaddfa0f9d738302c","name":"ResourceTable.txt","path":"C:\\Users\\34370\\Desktop\\homeschool\\homeschool\\entry\\.preview\\default\\intermediates\\res\\default\\ResourceTable.txt","type":"file","isSymbolicLink":false,"fileMetaData":{"size":304,"lastModifiedTime":1710213239298}}]},"C:\\Users\\34370\\Desktop\\homeschool\\homeschool\\entry\\.preview\\default\\generated\\r\\default\\ResourceTable.h":{"hashValue":"837c3ede7e97114bde989d172d5bed34","name":"ResourceTable.h","path":"C:\\Users\\34370\\Desktop\\homeschool\\homeschool\\entry\\.preview\\default\\generated\\r\\default\\ResourceTable.h","type":"file","isSymbolicLink":false,"fileMetaData":{"size":1180,"lastModifiedTime":1710213239298}},"C:\\Users\\34370\\Desktop\\homeschool\\homeschool\\entry\\.preview\\default\\generated\\r\\default":{"hashValue":"6f645345801f3a4d0fe82191a6d204e7","name":"default","path":"C:\\Users\\34370\\Desktop\\homeschool\\homeschool\\entry\\.preview\\default\\generated\\r\\default","type":"directory","isSymbolicLink":false,"children":[{"hashValue":"837c3ede7e97114bde989d172d5bed34","name":"ResourceTable.h","path":"C:\\Users\\34370\\Desktop\\homeschool\\homeschool\\entry\\.preview\\default\\generated\\r\\default\\ResourceTable.h","type":"file","isSymbolicLink":false,"fileMetaData":{"size":1180,"lastModifiedTime":1710213239298}}]},"C:\\Users\\34370\\Desktop\\homeschool\\homeschool\\entry\\.preview\\config\\buildConfig.json":{"hashValue":"a04ddfd050923c71aaef9cdd8789e118","name":"buildConfig.json","path":"C:\\Users\\34370\\Desktop\\homeschool\\homeschool\\entry\\.preview\\config\\buildConfig.json","type":"file","isSymbolicLink":false,"fileMetaData":{"size":1980,"lastModifiedTime":1710213238654}},"C:\\Users\\34370\\Desktop\\homeschool\\homeschool\\entry\\.preview\\default\\intermediates\\res\\default\\module.json":{"hashValue":"f2c480ce275277406823b0c2e8dbffa3","name":"module.json","path":"C:\\Users\\34370\\Desktop\\homeschool\\homeschool\\entry\\.preview\\default\\intermediates\\res\\default\\module.json","type":"file","isSymbolicLink":false,"fileMetaData":{"size":2046,"lastModifiedTime":1710213239298}},"C:\\Users\\34370\\Desktop\\homeschool\\homeschool\\entry\\.preview\\default\\intermediates\\res\\default\\resources\\base\\profile\\main_pages.json":{"hashValue":"3672abf3508c144ca833a06f5627e007","name":"main_pages.json","path":"C:\\Users\\34370\\Desktop\\homeschool\\homeschool\\entry\\.preview\\default\\intermediates\\res\\default\\resources\\base\\profile\\main_pages.json","type":"file","isSymbolicLink":false,"fileMetaData":{"size":76,"lastModifiedTime":1710213242437}},"C:\\Users\\34370\\Desktop\\homeschool\\homeschool\\entry\\.preview\\default\\intermediates\\loader\\default":{"hashValue":"91c2bdb7e47a56fdcabe1f5ab49b98f0","name":"default","path":"C:\\Users\\34370\\Desktop\\homeschool\\homeschool\\entry\\.preview\\default\\intermediates\\loader\\default","type":"directory","isSymbolicLink":false,"children":[{"hashValue":"416949cc90447be0ae05b6dfa863a8d1","name":"loader.json","path":"C:\\Users\\34370\\Desktop\\homeschool\\homeschool\\entry\\.preview\\default\\intermediates\\loader\\default\\loader.json","type":"file","isSymbolicLink":false,"fileMetaData":{"size":396,"lastModifiedTime":1709368222227}}]},"C:\\Users\\34370\\Desktop\\homeschool\\homeschool\\entry\\.preview\\default\\intermediates\\res\\default\\ResourceTable.txt":{"hashValue":"2eed63620518f3eeaddfa0f9d738302c","name":"ResourceTable.txt","path":"C:\\Users\\34370\\Desktop\\homeschool\\homeschool\\entry\\.preview\\default\\intermediates\\res\\default\\ResourceTable.txt","type":"file","isSymbolicLink":false,"fileMetaData":{"size":304,"lastModifiedTime":1710213239298}},"C:\\Users\\34370\\Desktop\\homeschool\\homeschool\\entry\\.preview\\default\\intermediates\\res\\default\\resources\\base\\profile":{"hashValue":"8295309cb804d2682876e5a004494546","name":"profile","path":"C:\\Users\\34370\\Desktop\\homeschool\\homeschool\\entry\\.preview\\default\\intermediates\\res\\default\\resources\\base\\profile","type":"directory","isSymbolicLink":false,"children":[{"hashValue":"3672abf3508c144ca833a06f5627e007","name":"main_pages.json","path":"C:\\Users\\34370\\Desktop\\homeschool\\homeschool\\entry\\.preview\\default\\intermediates\\res\\default\\resources\\base\\profile\\main_pages.json","type":"file","isSymbolicLink":false,"fileMetaData":{"size":76,"lastModifiedTime":1710213242437}}]},"C:\\Users\\34370\\Desktop\\homeschool\\homeschool\\entry\\src\\main\\ets":{"hashValue":"ab126be2c44c377b9b1cacb0030b63d5","name":"ets","path":"C:\\Users\\34370\\Desktop\\homeschool\\homeschool\\entry\\src\\main\\ets","type":"directory","isSymbolicLink":false,"children":[{"hashValue":"f7da38b9ff2092234222d10a411073d9","name":"entryability","path":"C:\\Users\\34370\\Desktop\\homeschool\\homeschool\\entry\\src\\main\\ets\\entryability","type":"directory","isSymbolicLink":false,"children":[{"hashValue":"f7e466b2641ca5804405f695915d30df","name":"EntryAbility.ts","path":"C:\\Users\\34370\\Desktop\\homeschool\\homeschool\\entry\\src\\main\\ets\\entryability\\EntryAbility.ts","type":"file","isSymbolicLink":false,"fileMetaData":{"size":1431,"lastModifiedTime":1709203086000}}]},{"hashValue":"dd0c3060af23ea65f10e7655cd9679eb","name":"pages","path":"C:\\Users\\34370\\Desktop\\homeschool\\homeschool\\entry\\src\\main\\ets\\pages","type":"directory","isSymbolicLink":false,"children":[{"hashValue":"2a8a9664d205dc8a6282d818258cefab","name":"choice.ets","path":"C:\\Users\\34370\\Desktop\\homeschool\\homeschool\\entry\\src\\main\\ets\\pages\\choice.ets","type":"file","isSymbolicLink":false,"fileMetaData":{"size":209,"lastModifiedTime":1709455438276}},{"hashValue":"0438c99221c669e3422a96aab1557036","name":"Index.ets","path":"C:\\Users\\34370\\Desktop\\homeschool\\homeschool\\entry\\src\\main\\ets\\pages\\Index.ets","type":"file","isSymbolicLink":false,"fileMetaData":{"size":6962,"lastModifiedTime":1709465234827}},{"hashValue":"dfe8e5b7cd41273927bc38a09d9ea400","name":"S.ets","path":"C:\\Users\\34370\\Desktop\\homeschool\\homeschool\\entry\\src\\main\\ets\\pages\\S.ets","type":"file","isSymbolicLink":false,"fileMetaData":{"size":531,"lastModifiedTime":1710162767390}},{"hashValue":"e86aaa5a1097ba015566c322f0148d88","name":"Sregister.ets","path":"C:\\Users\\34370\\Desktop\\homeschool\\homeschool\\entry\\src\\main\\ets\\pages\\Sregister.ets","type":"file","isSymbolicLink":false,"fileMetaData":{"size":20041,"lastModifiedTime":1709475586904}},{"hashValue":"744e9613d08a9b916445b0fec2ce3172","name":"T.ets","path":"C:\\Users\\34370\\Desktop\\homeschool\\homeschool\\entry\\src\\main\\ets\\pages\\T.ets","type":"file","isSymbolicLink":false,"fileMetaData":{"size":531,"lastModifiedTime":1709367972000}}]}]},"{\"commandList\":[\"C:\\\\Users\\\\34370\\\\AppData\\\\Local\\\\Huawei\\\\Sdk\\\\openharmony\\\\9\\\\toolchains\\\\restool.exe\",\"-m\",\"entry\",\"-f\",\"-j\",\"C:\\\\Users\\\\34370\\\\Desktop\\\\homeschool\\\\homeschool\\\\entry\\\\.preview\\\\default\\\\intermediates\\\\process_profile\\\\default\\\\module.json\",\"-p\",\"com.example.homeschool\",\"-o\",\"C:\\\\Users\\\\34370\\\\Desktop\\\\homeschool\\\\homeschool\\\\entry\\\\.preview\\\\default\\\\intermediates\\\\res\\\\default\",\"-r\",\"C:\\\\Users\\\\34370\\\\Desktop\\\\homeschool\\\\homeschool\\\\entry\\\\.preview\\\\default\\\\generated\\\\r\\\\default\\\\ResourceTable.h\"],\"inputFiles\":{\"_group\":{}},\"outputFiles\":{\"_group\":{}},\"existsResourceDir\":true,\"restoolLinkParamObj\":{\"appScopeResources\":\"C:\\\\Users\\\\34370\\\\Desktop\\\\homeschool\\\\homeschool\\\\AppScope\\\\resources\",\"moduleResourcesMap\":{},\"harResourcesMap\":{},\"outputPath\":\"C:\\\\Users\\\\34370\\\\Desktop\\\\homeschool\\\\homeschool\\\\entry\\\\.preview\\\\default\\\\intermediates\\\\res\\\\default\",\"linkCommand\":[\"C:\\\\Users\\\\34370\\\\AppData\\\\Local\\\\Huawei\\\\Sdk\\\\openharmony\\\\9\\\\toolchains\\\\restool.exe\",\"-m\",\"entry\",\"-f\",\"-j\",\"C:\\\\Users\\\\34370\\\\Desktop\\\\homeschool\\\\homeschool\\\\entry\\\\.preview\\\\default\\\\intermediates\\\\process_profile\\\\default\\\\module.json\",\"-p\",\"com.example.homeschool\",\"-r\",\"C:\\\\Users\\\\34370\\\\Desktop\\\\homeschool\\\\homeschool\\\\entry\\\\.preview\\\\default\\\\generated\\\\r\\\\default\\\\ResourceTable.h\",\"-z\"]}}":{"hashValue":"","name":"emptyroot","path":"","type":"unknown","isSymbolicLink":false,"children":[]},"C:\\Users\\34370\\Desktop\\homeschool\\homeschool\\entry\\.preview\\default\\intermediates\\loader_out\\default\\ets":{"hashValue":"","name":"emptyroot","path":"","type":"unknown","isSymbolicLink":false,"children":[]}}