{":homeschool:entry:default@PreBuild":{"_inputs":[{"dataType":"ValueEntry","value":"{\"_name\":\"BUILTIN_TASK_COMMAND\",\"_value\":\"\",\"_valueType\":\"string\",\"_hash\":\"0b5d05294fdf4e78e8482ef53eb64ac0\"}"},{"dataType":"ValueEntry","value":"{\"_name\":\"BUILTIN_TASK_ENV\",\"_value\":\"\",\"_valueType\":\"string\",\"_hash\":\"cdcdc2ec8062ca9ec1de46dbf2bbc053\"}"},{"dataType":"ValueEntry","value":"{\"_name\":\"BUILTIN_TASK_TOOLCHAIN\",\"_value\":\"\",\"_valueType\":\"string\",\"_hash\":\"e7f94a9422a8bc317a7d90b58efcb5f6\"}"},{"dataType":"ValueEntry","value":"{\"_name\":\"apiType\",\"_value\":\"stageMode\",\"_valueType\":\"string\",\"_hash\":\"699c7565645ea3ea8c88551a4926a3d5\"}"},{"dataType":"ValueEntry","value":"{\"_name\":\"codeType\",\"_value\":true,\"_valueType\":\"boolean\",\"_hash\":\"d6dcf21a9f078b661283507536e57ce8\"}"},{"dataType":"ValueEntry","value":"{\"_name\":\"compatibleApiVersion\",\"_value\":9,\"_valueType\":\"number\",\"_hash\":\"8f14da7cda665d5f6676adf8a127634f\"}"},{"dataType":"ValueEntry","value":"{\"_name\":\"compileApiVersion\",\"_value\":9,\"_valueType\":\"number\",\"_hash\":\"cdd5413832c7470f85f225c67a87a683\"}"},{"dataType":"ValueEntry","value":"{\"_name\":\"deviceType\",\"_value\":[\"phone\",\"tablet\"],\"_valueType\":\"object\",\"_hash\":\"6b8c09abb74b3d778d7ce1bc1efb26ef\"}"},{"dataType":"ValueEntry","value":"{\"_name\":\"isSupportOhpmProj\",\"_value\":true,\"_valueType\":\"boolean\",\"_hash\":\"f3a249d7e3f751316e931b8a08b074b4\"}"},{"dataType":"ValueEntry","value":"{\"_name\":\"profileModuleName\",\"_value\":\"entry\",\"_valueType\":\"string\",\"_hash\":\"b174ea6ff5824844dde5ad92f6b3ef2b\"}"},{"dataType":"ValueEntry","value":"{\"_name\":\"sdkToolchainsComponentVersion\",\"_value\":\"3.2.12.5\",\"_valueType\":\"string\",\"_hash\":\"cc722e03b3384cc9b37c649e4134fc99\"}"},{"dataType":"ValueEntry","value":"{\"_name\":\"targetStatusCode\",\"_value\":2,\"_valueType\":\"number\",\"_hash\":\"5a9255c0f4ee50904a9349ebafca8369\"}"}],"_successful":true,"_projectName":"homeschool","_moduleName":"entry","_taskName":"default@PreBuild","_key":":homeschool:entry:default@PreBuild","_executionId":":homeschool:entry:default@PreBuild:1709368222133","_inputFiles":{"dataType":"Map","value":[["C:\\Users\\34370\\Desktop\\homeschool\\homeschool\\AppScope\\app.json5",{"isDirectory":false,"fileSnapShotHashValue":"7e80d394d0118e5d1bf732265a73e6f7"}],["C:\\Users\\34370\\Desktop\\homeschool\\homeschool\\entry\\src\\main\\module.json5",{"isDirectory":false,"fileSnapShotHashValue":"d377350d7d23dac595fb79c5da13bb7a"}]]},"_outputFiles":{"dataType":"Map","value":[]}},":homeschool:entry:default@MergeProfile":{"_inputs":[{"dataType":"ValueEntry","value":"{\"_name\":\"BUILTIN_TASK_COMMAND\",\"_value\":\"\",\"_valueType\":\"string\",\"_hash\":\"0b5d05294fdf4e78e8482ef53eb64ac0\"}"},{"dataType":"ValueEntry","value":"{\"_name\":\"BUILTIN_TASK_ENV\",\"_value\":\"\",\"_valueType\":\"string\",\"_hash\":\"cdcdc2ec8062ca9ec1de46dbf2bbc053\"}"},{"dataType":"ValueEntry","value":"{\"_name\":\"BUILTIN_TASK_TOOLCHAIN\",\"_value\":\"\",\"_valueType\":\"string\",\"_hash\":\"e7f94a9422a8bc317a7d90b58efcb5f6\"}"},{"dataType":"ValueEntry","value":"{\"_name\":\"asanEnable\",\"_value\":false,\"_valueType\":\"boolean\",\"_hash\":\"bc2129ba20a21b7e5234139ede1b4d7b\"}"},{"dataType":"ValueEntry","value":"{\"_name\":\"buildRoot\",\"_value\":\".preview\",\"_valueType\":\"string\",\"_hash\":\"88e9a315669657b02bc470a13f92befe\"}"},{"dataType":"ValueEntry","value":"{\"_name\":\"compatibleSdkVersion\",\"_value\":9,\"_valueType\":\"number\",\"_hash\":\"789a8631987a2e2b1a03b001c78d0180\"}"},{"dataType":"ValueEntry","value":"{\"_name\":\"isDebug\",\"_value\":true,\"_valueType\":\"boolean\",\"_hash\":\"edbf05a2d2be2c385e75d9565a48d419\"}"},{"dataType":"ValueEntry","value":"{\"_name\":\"isHarModule\",\"_value\":false,\"_valueType\":\"boolean\",\"_hash\":\"a15b7a3ed818faa99a4a10d67f52cb72\"}"},{"dataType":"ValueEntry","value":"{\"_name\":\"multiProjects\",\"_value\":false,\"_valueType\":\"boolean\",\"_hash\":\"555604752defc243b4e4c55d1549fc06\"}"},{"dataType":"ValueEntry","value":"{\"_name\":\"releaseType\",\"_value\":\"Release\",\"_valueType\":\"string\",\"_hash\":\"bbcabdda034e97584f8c36f85b3ec517\"}"},{"dataType":"ValueEntry","value":"{\"_name\":\"targetSdkVersion\",\"_value\":9,\"_valueType\":\"number\",\"_hash\":\"09b2bdc967d8b97f7b9bf4f19735497e\"}"}],"_successful":true,"_projectName":"homeschool","_moduleName":"entry","_taskName":"default@MergeProfile","_key":":homeschool:entry:default@MergeProfile","_executionId":":homeschool:entry:default@MergeProfile:1709368222216","_inputFiles":{"dataType":"Map","value":[["C:\\Users\\34370\\Desktop\\homeschool\\homeschool\\AppScope\\app.json5",{"fileSnapShotHashValue":"7e80d394d0118e5d1bf732265a73e6f7"}],["C:\\Users\\34370\\Desktop\\homeschool\\homeschool\\entry\\src\\main\\module.json5",{"fileSnapShotHashValue":"d377350d7d23dac595fb79c5da13bb7a"}]]},"_outputFiles":{"dataType":"Map","value":[["C:\\Users\\34370\\Desktop\\homeschool\\homeschool\\entry\\.preview\\default\\intermediates\\merge_profile\\default\\module.json",{"fileSnapShotHashValue":"334e8fb3dc752b6370c9ff3cb276a0fc"}]]}},":homeschool:entry:default@GenerateLoaderJson":{"_inputs":[{"dataType":"ValueEntry","value":"{\"_name\":\"BUILTIN_TASK_COMMAND\",\"_value\":\"\",\"_valueType\":\"string\",\"_hash\":\"0b5d05294fdf4e78e8482ef53eb64ac0\"}"},{"dataType":"ValueEntry","value":"{\"_name\":\"BUILTIN_TASK_ENV\",\"_value\":\"\",\"_valueType\":\"string\",\"_hash\":\"cdcdc2ec8062ca9ec1de46dbf2bbc053\"}"},{"dataType":"ValueEntry","value":"{\"_name\":\"BUILTIN_TASK_TOOLCHAIN\",\"_value\":\"\",\"_valueType\":\"string\",\"_hash\":\"e7f94a9422a8bc317a7d90b58efcb5f6\"}"},{"dataType":"ValueEntry","value":"{\"_name\":\"aotCompileMode\",\"_value\":\"\",\"_valueType\":\"string\",\"_hash\":\"31b66e9c596cc61cb06cdecc08aaeb6c\"}"},{"dataType":"ValueEntry","value":"{\"_name\":\"apPath\",\"_value\":\"\",\"_valueType\":\"string\",\"_hash\":\"dabe59b8be9f1396c43dc319521a0027\"}"},{"dataType":"ValueEntry","value":"{\"_name\":\"compileMode\",\"_value\":\"esmodule\",\"_valueType\":\"string\",\"_hash\":\"dacafc8e0b77a950178a0b4d142dc32c\"}"},{"dataType":"ValueEntry","value":"{\"_name\":\"harNameOhmMap\",\"_value\":\"{}\",\"_valueType\":\"string\",\"_hash\":\"0faf006bccbcdc2c7f04ff2d8c87894f\"}"},{"dataType":"ValueEntry","value":"{\"_name\":\"modulePathMap\",\"_value\":\"{\\\"entry\\\":\\\"C:\\\\\\\\Users\\\\\\\\34370\\\\\\\\Desktop\\\\\\\\homeschool\\\\\\\\homeschool\\\\\\\\entry\\\"}\",\"_valueType\":\"string\",\"_hash\":\"437215236c2b596a0b96c6d0878afd4b\"}"},{"dataType":"ValueEntry","value":"{\"_name\":\"nodeModulesPath\",\"_value\":\"C:\\\\Users\\\\34370\\\\Desktop\\\\homeschool\\\\homeschool\\\\entry\\\\.preview\\\\default\\\\intermediates\\\\loader_out\\\\default\\\\node_modules\",\"_valueType\":\"string\",\"_hash\":\"08406302f0b446b8e86bde8abeeb69e4\"}"},{"dataType":"ValueEntry","value":"{\"_name\":\"projectRootPath\",\"_value\":\"C:\\\\Users\\\\34370\\\\Desktop\\\\homeschool\\\\homeschool\",\"_valueType\":\"string\",\"_hash\":\"18c798fb65a6f77d9dc21a6b734bacb2\"}"},{"dataType":"ValueEntry","value":"{\"_name\":\"targetConfig\",\"_value\":\"{\\\"name\\\":\\\"default\\\",\\\"runtimeOS\\\":\\\"HarmonyOS\\\"}\",\"_valueType\":\"string\",\"_hash\":\"96bcd83382fb082c731eedf7bc0cf1dc\"}"}],"_successful":true,"_projectName":"homeschool","_moduleName":"entry","_taskName":"default@GenerateLoaderJson","_key":":homeschool:entry:default@GenerateLoaderJson","_executionId":":homeschool:entry:default@GenerateLoaderJson:1709368222223","_inputFiles":{"dataType":"Map","value":[]},"_outputFiles":{"dataType":"Map","value":[["C:\\Users\\34370\\Desktop\\homeschool\\homeschool\\entry\\.preview\\default\\intermediates\\loader\\default\\loader.json",{"isDirectory":false,"fileSnapShotHashValue":"416949cc90447be0ae05b6dfa863a8d1"}]]}},":homeschool:entry:default@ProcessProfile":{"_inputs":[{"dataType":"ValueEntry","value":"{\"_name\":\"BUILTIN_TASK_COMMAND\",\"_value\":\"\",\"_valueType\":\"string\",\"_hash\":\"0b5d05294fdf4e78e8482ef53eb64ac0\"}"},{"dataType":"ValueEntry","value":"{\"_name\":\"BUILTIN_TASK_ENV\",\"_value\":\"\",\"_valueType\":\"string\",\"_hash\":\"cdcdc2ec8062ca9ec1de46dbf2bbc053\"}"},{"dataType":"ValueEntry","value":"{\"_name\":\"BUILTIN_TASK_TOOLCHAIN\",\"_value\":\"\",\"_valueType\":\"string\",\"_hash\":\"e7f94a9422a8bc317a7d90b58efcb5f6\"}"},{"dataType":"ValueEntry","value":"{\"_name\":\"arkEnable\",\"_value\":true,\"_valueType\":\"boolean\",\"_hash\":\"750b4bda198545a67903dfb3f6a00a95\"}"},{"dataType":"ValueEntry","value":"{\"_name\":\"compileMode\",\"_value\":\"esmodule\",\"_valueType\":\"string\",\"_hash\":\"dacafc8e0b77a950178a0b4d142dc32c\"}"},{"dataType":"ValueEntry","value":"{\"_name\":\"dependency\",\"_value\":\"[]\",\"_valueType\":\"string\",\"_hash\":\"ac54f3d4ced2d4c1d666d40e4f7c454a\"}"},{"dataType":"ValueEntry","value":"{\"_name\":\"deviceTypes\",\"_value\":[\"phone\",\"tablet\"],\"_valueType\":\"object\",\"_hash\":\"c166d88837153e59136adb6a4b649962\"}"}],"_successful":true,"_projectName":"homeschool","_moduleName":"entry","_taskName":"default@ProcessProfile","_key":":homeschool:entry:default@ProcessProfile","_executionId":":homeschool:entry:default@ProcessProfile:1709368222230","_inputFiles":{"dataType":"Map","value":[["C:\\Users\\34370\\Desktop\\homeschool\\homeschool\\entry\\.preview\\default\\intermediates\\merge_profile\\default\\module.json",{"fileSnapShotHashValue":"334e8fb3dc752b6370c9ff3cb276a0fc"}]]},"_outputFiles":{"dataType":"Map","value":[["C:\\Users\\34370\\Desktop\\homeschool\\homeschool\\entry\\.preview\\default\\intermediates\\process_profile\\default\\module.json",{"fileSnapShotHashValue":"e21d3f7b9161d3674af167bf2107e1e0"}]]}},":homeschool:entry:default@PreviewProcessResource":{"_inputs":[{"dataType":"ValueEntry","value":"{\"_name\":\"previewCompileResourcesCommand\",\"_value\":\"{\\\"commandList\\\":[\\\"C:\\\\\\\\Users\\\\\\\\34370\\\\\\\\AppData\\\\\\\\Local\\\\\\\\Huawei\\\\\\\\Sdk\\\\\\\\openharmony\\\\\\\\9\\\\\\\\toolchains\\\\\\\\restool.exe\\\",\\\"-m\\\",\\\"entry\\\",\\\"-f\\\",\\\"-j\\\",\\\"C:\\\\\\\\Users\\\\\\\\34370\\\\\\\\Desktop\\\\\\\\homeschool\\\\\\\\homeschool\\\\\\\\entry\\\\\\\\.preview\\\\\\\\default\\\\\\\\intermediates\\\\\\\\process_profile\\\\\\\\default\\\\\\\\module.json\\\",\\\"-p\\\",\\\"com.example.homeschool\\\",\\\"-o\\\",\\\"C:\\\\\\\\Users\\\\\\\\34370\\\\\\\\Desktop\\\\\\\\homeschool\\\\\\\\homeschool\\\\\\\\entry\\\\\\\\.preview\\\\\\\\default\\\\\\\\intermediates\\\\\\\\res\\\\\\\\default\\\",\\\"-r\\\",\\\"C:\\\\\\\\Users\\\\\\\\34370\\\\\\\\Desktop\\\\\\\\homeschool\\\\\\\\homeschool\\\\\\\\entry\\\\\\\\.preview\\\\\\\\default\\\\\\\\generated\\\\\\\\r\\\\\\\\default\\\\\\\\ResourceTable.h\\\"],\\\"inputFiles\\\":{\\\"_group\\\":{}},\\\"outputFiles\\\":{\\\"_group\\\":{}},\\\"existsResourceDir\\\":true,\\\"restoolLinkParamObj\\\":{\\\"appScopeResources\\\":\\\"C:\\\\\\\\Users\\\\\\\\34370\\\\\\\\Desktop\\\\\\\\homeschool\\\\\\\\homeschool\\\\\\\\AppScope\\\\\\\\resources\\\",\\\"moduleResourcesMap\\\":{},\\\"harResourcesMap\\\":{},\\\"outputPath\\\":\\\"C:\\\\\\\\Users\\\\\\\\34370\\\\\\\\Desktop\\\\\\\\homeschool\\\\\\\\homeschool\\\\\\\\entry\\\\\\\\.preview\\\\\\\\default\\\\\\\\intermediates\\\\\\\\res\\\\\\\\default\\\",\\\"linkCommand\\\":[\\\"C:\\\\\\\\Users\\\\\\\\34370\\\\\\\\AppData\\\\\\\\Local\\\\\\\\Huawei\\\\\\\\Sdk\\\\\\\\openharmony\\\\\\\\9\\\\\\\\toolchains\\\\\\\\restool.exe\\\",\\\"-m\\\",\\\"entry\\\",\\\"-f\\\",\\\"-j\\\",\\\"C:\\\\\\\\Users\\\\\\\\34370\\\\\\\\Desktop\\\\\\\\homeschool\\\\\\\\homeschool\\\\\\\\entry\\\\\\\\.preview\\\\\\\\default\\\\\\\\intermediates\\\\\\\\process_profile\\\\\\\\default\\\\\\\\module.json\\\",\\\"-p\\\",\\\"com.example.homeschool\\\",\\\"-r\\\",\\\"C:\\\\\\\\Users\\\\\\\\34370\\\\\\\\Desktop\\\\\\\\homeschool\\\\\\\\homeschool\\\\\\\\entry\\\\\\\\.preview\\\\\\\\default\\\\\\\\generated\\\\\\\\r\\\\\\\\default\\\\\\\\ResourceTable.h\\\",\\\"-z\\\"]}}\",\"_valueType\":\"string\"}"},{"dataType":"ValueEntry","value":"{\"_name\":\"BUILTIN_TASK_COMMAND\",\"_value\":\"\",\"_valueType\":\"string\"}"},{"dataType":"ValueEntry","value":"{\"_name\":\"BUILTIN_TASK_TOOLCHAIN\",\"_value\":\"\",\"_valueType\":\"string\"}"},{"dataType":"ValueEntry","value":"{\"_name\":\"BUILTIN_TASK_ENV\",\"_value\":\"\",\"_valueType\":\"string\"}"}],"_successful":true,"_projectName":"homeschool","_moduleName":"entry","_taskName":"default@PreviewProcessResource","_key":":homeschool:entry:default@PreviewProcessResource","_executionId":":homeschool:entry:default@PreviewProcessResource:1710213239094","_inputFiles":{"dataType":"Map","value":[]},"_outputFiles":{"dataType":"Map","value":[["{\"commandList\":[\"C:\\\\Users\\\\34370\\\\AppData\\\\Local\\\\Huawei\\\\Sdk\\\\openharmony\\\\9\\\\toolchains\\\\restool.exe\",\"-m\",\"entry\",\"-f\",\"-j\",\"C:\\\\Users\\\\34370\\\\Desktop\\\\homeschool\\\\homeschool\\\\entry\\\\.preview\\\\default\\\\intermediates\\\\process_profile\\\\default\\\\module.json\",\"-p\",\"com.example.homeschool\",\"-o\",\"C:\\\\Users\\\\34370\\\\Desktop\\\\homeschool\\\\homeschool\\\\entry\\\\.preview\\\\default\\\\intermediates\\\\res\\\\default\",\"-r\",\"C:\\\\Users\\\\34370\\\\Desktop\\\\homeschool\\\\homeschool\\\\entry\\\\.preview\\\\default\\\\generated\\\\r\\\\default\\\\ResourceTable.h\"],\"inputFiles\":{\"_group\":{}},\"outputFiles\":{\"_group\":{}},\"existsResourceDir\":true,\"restoolLinkParamObj\":{\"appScopeResources\":\"C:\\\\Users\\\\34370\\\\Desktop\\\\homeschool\\\\homeschool\\\\AppScope\\\\resources\",\"moduleResourcesMap\":{},\"harResourcesMap\":{},\"outputPath\":\"C:\\\\Users\\\\34370\\\\Desktop\\\\homeschool\\\\homeschool\\\\entry\\\\.preview\\\\default\\\\intermediates\\\\res\\\\default\",\"linkCommand\":[\"C:\\\\Users\\\\34370\\\\AppData\\\\Local\\\\Huawei\\\\Sdk\\\\openharmony\\\\9\\\\toolchains\\\\restool.exe\",\"-m\",\"entry\",\"-f\",\"-j\",\"C:\\\\Users\\\\34370\\\\Desktop\\\\homeschool\\\\homeschool\\\\entry\\\\.preview\\\\default\\\\intermediates\\\\process_profile\\\\default\\\\module.json\",\"-p\",\"com.example.homeschool\",\"-r\",\"C:\\\\Users\\\\34370\\\\Desktop\\\\homeschool\\\\homeschool\\\\entry\\\\.preview\\\\default\\\\generated\\\\r\\\\default\\\\ResourceTable.h\",\"-z\"]}}",{"isDirectory":false,"fileSnapShotHashValue":""}]]}},":homeschool:entry:default@PreviewCompileResource":{"_inputs":[{"dataType":"ValueEntry","value":"{\"_name\":\"PREVIEWER_REPLACE_PAGE\",\"_valueType\":\"undefined\"}"},{"dataType":"ValueEntry","value":"{\"_name\":\"PREVIEWER_REPLACE_SRCPATH\",\"_valueType\":\"undefined\"}"},{"dataType":"ValueEntry","value":"{\"_name\":\"TARGET_CONFIG\",\"_value\":\"{\\\"name\\\":\\\"default\\\",\\\"runtimeOS\\\":\\\"HarmonyOS\\\"}\",\"_valueType\":\"string\"}"},{"dataType":"ValueEntry","value":"{\"_name\":\"BUILTIN_TASK_COMMAND\",\"_value\":\"\",\"_valueType\":\"string\"}"},{"dataType":"ValueEntry","value":"{\"_name\":\"BUILTIN_TASK_TOOLCHAIN\",\"_value\":\"C:\\\\Users\\\\34370\\\\AppData\\\\Local\\\\Huawei\\\\Sdk\\\\openharmony\\\\9\\\\toolchains\\\\restool.exe\",\"_valueType\":\"string\"}"},{"dataType":"ValueEntry","value":"{\"_name\":\"BUILTIN_TASK_ENV\",\"_value\":\"\",\"_valueType\":\"string\"}"}],"_successful":true,"_projectName":"homeschool","_moduleName":"entry","_taskName":"default@PreviewCompileResource","_key":":homeschool:entry:default@PreviewCompileResource","_executionId":":homeschool:entry:default@PreviewCompileResource:1710213239096","_inputFiles":{"dataType":"Map","value":[["C:\\Users\\34370\\Desktop\\homeschool\\homeschool\\entry\\src\\main\\resources",{"fileSnapShotHashValue":"8ed51e8377da3486f69e39e9db378784"}],["C:\\Users\\34370\\Desktop\\homeschool\\homeschool\\AppScope\\resources",{"fileSnapShotHashValue":"2bdc988f46aca6102e2636f2b4c35356"}],["C:\\Users\\34370\\Desktop\\homeschool\\homeschool\\entry\\.preview\\default\\intermediates\\process_profile\\default\\module.json",{"isDirectory":false,"fileSnapShotHashValue":"e21d3f7b9161d3674af167bf2107e1e0"}]]},"_outputFiles":{"dataType":"Map","value":[["C:\\Users\\34370\\Desktop\\homeschool\\homeschool\\entry\\.preview\\default\\intermediates\\res\\default",{"isDirectory":true,"fileSnapShotHashValue":"c6ee7f44935593b27b78ba7b9f24615e"}],["C:\\Users\\34370\\Desktop\\homeschool\\homeschool\\entry\\.preview\\default\\generated\\r\\default\\ResourceTable.h",{"isDirectory":false,"fileSnapShotHashValue":"837c3ede7e97114bde989d172d5bed34"}],["C:\\Users\\34370\\Desktop\\homeschool\\homeschool\\entry\\.preview\\default\\generated\\r\\default",{"isDirectory":true,"fileSnapShotHashValue":"6f645345801f3a4d0fe82191a6d204e7"}]]}},":homeschool:entry:default@PreviewUpdateAssets":{"_inputs":[{"dataType":"ValueEntry","value":"{\"_name\":\"BUILTIN_TASK_COMMAND\",\"_value\":\"\",\"_valueType\":\"string\"}"},{"dataType":"ValueEntry","value":"{\"_name\":\"BUILTIN_TASK_TOOLCHAIN\",\"_value\":\"\",\"_valueType\":\"string\"}"},{"dataType":"ValueEntry","value":"{\"_name\":\"BUILTIN_TASK_ENV\",\"_value\":\"\",\"_valueType\":\"string\"}"}],"_successful":true,"_projectName":"homeschool","_moduleName":"entry","_taskName":"default@PreviewUpdateAssets","_key":":homeschool:entry:default@PreviewUpdateAssets","_executionId":":homeschool:entry:default@PreviewUpdateAssets:1710213239322","_inputFiles":{"dataType":"Map","value":[["C:\\Users\\34370\\Desktop\\homeschool\\homeschool\\entry\\.preview\\config\\buildConfig.json",{"isDirectory":false,"fileSnapShotHashValue":"a04ddfd050923c71aaef9cdd8789e118"}]]},"_outputFiles":{"dataType":"Map","value":[["C:\\Users\\34370\\Desktop\\homeschool\\homeschool\\entry\\.preview\\default\\intermediates\\res\\default\\module.json",{"isDirectory":false,"fileSnapShotHashValue":"f2c480ce275277406823b0c2e8dbffa3"}],["C:\\Users\\34370\\Desktop\\homeschool\\homeschool\\entry\\.preview\\default\\intermediates\\res\\default\\resources\\base\\profile\\main_pages.json",{"isDirectory":false,"fileSnapShotHashValue":"3672abf3508c144ca833a06f5627e007"}]]}},":homeschool:entry:default@PreviewArkTS":{"_inputs":[{"dataType":"ValueEntry","value":"{\"_name\":\"debuggable\",\"_value\":true,\"_valueType\":\"boolean\"}"},{"dataType":"ValueEntry","value":"{\"_name\":\"isArk\",\"_value\":true,\"_valueType\":\"boolean\"}"},{"dataType":"ValueEntry","value":"{\"_name\":\"needCoverageInsert\",\"_value\":false,\"_valueType\":\"boolean\"}"},{"dataType":"ValueEntry","value":"{\"_name\":\"arkTsWdiget\",\"_value\":false,\"_valueType\":\"boolean\"}"},{"dataType":"ValueEntry","value":"{\"_name\":\"BUILTIN_TASK_COMMAND\",\"_value\":\"\",\"_valueType\":\"string\"}"},{"dataType":"ValueEntry","value":"{\"_name\":\"BUILTIN_TASK_TOOLCHAIN\",\"_value\":\"\",\"_valueType\":\"string\"}"},{"dataType":"ValueEntry","value":"{\"_name\":\"BUILTIN_TASK_ENV\",\"_value\":\"\",\"_valueType\":\"string\"}"}],"_successful":true,"_projectName":"homeschool","_moduleName":"entry","_taskName":"default@PreviewArkTS","_key":":homeschool:entry:default@PreviewArkTS","_executionId":":homeschool:entry:default@PreviewArkTS:1710213239325","_inputFiles":{"dataType":"Map","value":[["C:\\Users\\34370\\Desktop\\homeschool\\homeschool\\entry\\.preview\\default\\intermediates\\loader\\default",{"isDirectory":true,"fileSnapShotHashValue":"91c2bdb7e47a56fdcabe1f5ab49b98f0"}],["C:\\Users\\34370\\Desktop\\homeschool\\homeschool\\entry\\.preview\\default\\intermediates\\res\\default\\ResourceTable.txt",{"fileSnapShotHashValue":"2eed63620518f3eeaddfa0f9d738302c"}],["C:\\Users\\34370\\Desktop\\homeschool\\homeschool\\entry\\.preview\\default\\intermediates\\res\\default\\module.json",{"fileSnapShotHashValue":"f2c480ce275277406823b0c2e8dbffa3"}],["C:\\Users\\34370\\Desktop\\homeschool\\homeschool\\entry\\.preview\\default\\intermediates\\res\\default\\resources\\base\\profile",{"isDirectory":true,"fileSnapShotHashValue":"8295309cb804d2682876e5a004494546"}],["C:\\Users\\34370\\Desktop\\homeschool\\homeschool\\entry\\src\\main\\ets",{"isDirectory":true,"fileSnapShotHashValue":"ab126be2c44c377b9b1cacb0030b63d5"}]]},"_outputFiles":{"dataType":"Map","value":[["C:\\Users\\34370\\Desktop\\homeschool\\homeschool\\entry\\.preview\\default\\intermediates\\loader_out\\default\\ets",{"isDirectory":true,"fileSnapShotHashValue":""}]]}}}