{
  "version": "1.0",
  "workerIdList": [
    -1
  ],
  "metrics": [
    {
      "type": "build_line",
      "endTime": 1710213143772,
      "status": "closed",
      "children": [],
      "name": "overallTime",
      "taskName": "init",
      "taskPath": "entry",
      "workerId": -1,
      "startTime": 1710213143771
    },
    {
      "type": "build_line",
      "endTime": 1710213143777,
      "status": "closed",
      "children": [],
      "name": "overallTime",
      "taskName": "init",
      "taskPath": "homeschool",
      "workerId": -1,
      "startTime": 1710213143777
    },
    {
      "type": "build_line",
      "endTime": 1710213239081,
      "status": "closed",
      "children": [],
      "name": "overallTime",
      "taskName": "default@PreBuild",
      "taskPath": "entry",
      "workerId": -1,
      "startTime": 1710213239079
    },
    {
      "type": "build_line",
      "endTime": 1710213239087,
      "status": "closed",
      "children": [],
      "name": "overallTime",
      "taskName": "default@MergeProfile",
      "taskPath": "entry",
      "workerId": -1,
      "startTime": 1710213239084
    },
    {
      "type": "build_line",
      "endTime": 1710213239089,
      "status": "closed",
      "children": [],
      "name": "overallTime",
      "taskName": "default@GenerateLoaderJson",
      "taskPath": "entry",
      "workerId": -1,
      "startTime": 1710213239088
    },
    {
      "type": "build_line",
      "endTime": 1710213239092,
      "status": "closed",
      "children": [],
      "name": "overallTime",
      "taskName": "default@ProcessProfile",
      "taskPath": "entry",
      "workerId": -1,
      "startTime": 1710213239091
    },
    {
      "type": "build_line",
      "endTime": 1710213239095,
      "status": "closed",
      "children": [],
      "name": "overallTime",
      "taskName": "default@PreviewProcessResource",
      "taskPath": "entry",
      "workerId": -1,
      "startTime": 1710213239092
    },
    {
      "type": "build_line",
      "endTime": 1710213239303,
      "status": "closed",
      "children": [],
      "name": "overallTime",
      "taskName": "default@PreviewCompileResource",
      "taskPath": "entry",
      "workerId": -1,
      "startTime": 1710213239096
    },
    {
      "type": "build_line",
      "endTime": 1710213239304,
      "status": "closed",
      "children": [],
      "name": "overallTime",
      "taskName": "default@PreviewHookCompileResource",
      "taskPath": "entry",
      "workerId": -1,
      "startTime": 1710213239303
    },
    {
      "type": "build_line",
      "endTime": 1710213239308,
      "status": "closed",
      "children": [],
      "name": "overallTime",
      "taskName": "default@ReplacePreviewerPage",
      "taskPath": "entry",
      "workerId": -1,
      "startTime": 1710213239304
    },
    {
      "type": "build_line",
      "endTime": 1710213239308,
      "status": "closed",
      "children": [],
      "name": "overallTime",
      "taskName": "buildPreviewerResource",
      "taskPath": "entry",
      "workerId": -1,
      "startTime": 1710213239308
    },
    {
      "type": "build_line",
      "endTime": 1710213239323,
      "status": "closed",
      "children": [],
      "name": "overallTime",
      "taskName": "default@PreviewUpdateAssets",
      "taskPath": "entry",
      "workerId": -1,
      "startTime": 1710213239321
    },
    {
      "type": "build_line",
      "endTime": 1710213242434,
      "status": "closed",
      "children": [],
      "name": "overallTime",
      "taskName": "default@PreviewArkTS",
      "taskPath": "entry",
      "workerId": -1,
      "startTime": 1710213239324
    },
    {
      "type": "build_line",
      "endTime": 1710213242436,
      "status": "closed",
      "children": [],
      "name": "overallTime",
      "taskName": "PreviewBuild",
      "taskPath": "entry",
      "workerId": -1,
      "startTime": 1710213242436
    }
  ],
  "workLog": []
}