{"deviceType":"phone,tablet","checkEntry":"true","localPropertiesPath":"C:\\Users\\34370\\Desktop\\homeschool\\homeschool\\local.properties","Path":"C:\\Users\\34370\\nodejs\\","note":"false","aceProfilePath":"C:\\Users\\34370\\Desktop\\homeschool\\homeschool\\entry\\.preview\\default\\intermediates\\res\\default\\resources\\base\\profile","isPreview":"true","hapMode":"false","buildMode":"debug","img2bin":"true","projectProfilePath":"C:\\Users\\34370\\Desktop\\homeschool\\homeschool\\build-profile.json5","watchMode":"true","appResource":"C:\\Users\\34370\\Desktop\\homeschool\\homeschool\\entry\\.preview\\default\\intermediates\\res\\default\\ResourceTable.txt","logLevel":"3","stageRouterConfig":{"contents":["{\"module\":{\"pages\":\"$profile:main_pages\",\"name\":\"entry\"}}","{\"src\":[\"pages/Index\",\"pages/T\",\"pages/S\",\"pages/choice\",\"pages/Sregister\"]}"],"paths":["C:\\Users\\34370\\Desktop\\homeschool\\homeschool\\entry\\.preview\\default\\intermediates\\res\\default\\module.json","C:\\Users\\34370\\Desktop\\homeschool\\homeschool\\entry\\.preview\\default\\intermediates\\res\\default\\resources\\base\\profile\\main_pages.json"]},"port":"29900","aceBuildJson":"C:\\Users\\34370\\Desktop\\homeschool\\homeschool\\entry\\.preview\\default\\intermediates\\loader\\default\\loader.json","aceModuleRoot":"C:\\Users\\34370\\Desktop\\homeschool\\homeschool\\entry\\src\\main\\ets","aceSoPath":"C:\\Users\\34370\\Desktop\\homeschool\\homeschool\\entry\\.preview\\cache\\nativeDependencies.txt","cachePath":"C:\\Users\\34370\\Desktop\\homeschool\\homeschool\\entry\\.preview\\cache","aceModuleBuild":"C:\\Users\\34370\\Desktop\\homeschool\\homeschool\\entry\\.preview\\default\\intermediates\\assets\\default\\ets","aceSuperVisualPath":"C:\\Users\\34370\\Desktop\\homeschool\\homeschool\\entry\\src\\main\\supervisual","aceModuleJsonPath":"C:\\Users\\34370\\Desktop\\homeschool\\homeschool\\entry\\.preview\\default\\intermediates\\res\\default\\module.json"}